{
  "ic_mean": -0.0619176584691146,
  "ic_std": 0.7221733899683175,
  "ic_ir": -1.3610475961726844,
  "rankic_mean": -0.07102393225657483,
  "rankic_std": 0.7129593938691718,
  "rankic_ir": -1.5813943697271267,
  "days": 375
}